20160101,0.047,0.006,0.8,0.006,73,44,23588
20160102,0.039,0.012,0.5,0.006,50,29,25497
20160103,0.052,0.012,0.8,0.007,101,60,23947
20160104,0.028,0.03,0.6,0.006,83,47,27689
20160105,0.028,0.022,0.4,0.006,33,16,27685
20160106,0.042,0.009,0.6,0.007,61,29,28194
20160107,0.028,0.021,0.5,0.006,41,19,27857
20160108,0.03,0.02,0.5,0.006,33,16,27357
20160109,0.029,0.02,0.4,0.006,35,18,24497
20160110,0.023,0.03,0.4,0.006,31,17,25309
20160111,0.032,0.02,0.5,0.006,42,20,27049
20160112,0.042,0.011,0.6,0.006,52,22,27057
20160113,0.034,0.016,0.5,0.005,38,19,27436
20160114,0.037,0.016,0.5,0.006,49,20,28747
20160115,0.048,0.007,0.6,0.006,51,26,28486
20160116,0.045,0.005,0.6,0.005,66,37,28791
20160117,0.043,0.009,0.6,0.005,66,41,24947
20160118,0.025,0.026,0.5,0.005,61,30,26756
20160119,0.016,0.036,0.3,0.005,37,12,27318
20160120,0.032,0.02,0.5,0.005,40,20,27933
20160121,0.041,0.012,0.6,0.006,58,29,27613
20160122,0.037,0.017,0.5,0.006,53,25,28269
20160123,0.016,0.036,0.3,0.005,32,13,28782
20160124,0.017,0.034,0.4,0.006,42,19,23714
20160125,0.033,0.018,0.5,0.006,56,16,26759
20160126,0.053,0.005,0.8,0.007,83,35,26999
20160127,0.045,0.014,0.7,0.007,67,28,27466
20160128,0.055,0.004,0.8,0.006,66,30,28483
20160129,0.047,0.008,0.6,0.007,50,21,28223
20160130,0.046,0.009,0.6,0.006,42,23,28531
20160131,0.023,0.032,0.4,0.005,41,19,25193
20160201,0.03,0.024,0.4,0.006,42,18,27331
20160202,0.042,0.017,0.5,0.006,50,22,27417
20160203,0.057,0.009,0.8,0.007,64,31,27667
20160204,0.045,0.017,0.7,0.007,56,27,28176
20160205,0.04,0.02,0.5,0.006,47,19,27121
20160206,0.025,0.029,0.4,0.006,54,22,25950
20160207,0.032,0.019,0.5,0.005,50,21,20878
20160208,0.03,0.026,0.5,0.007,77,40,22983
20160209,0.021,0.029,0.4,0.007,52,24,20899
20160210,0.046,0.009,0.6,0.005,44,22,22729
20160211,0.051,0.006,0.6,0.006,50,24,27051
20160212,0.045,0.006,0.6,0.004,37,21,24008
20160213,0.033,0.004,0.5,0.004,16,9,27021
20160214,0.015,0.029,0.3,0.005,33,17,24435
20160215,0.02,0.036,0.3,0.004,35,10,26463
20160216,0.028,0.023,0.4,0.005,29,14,26540
20160217,0.035,0.019,0.5,0.005,41,14,27655
20160218,0.034,0.023,0.5,0.005,44,21,28462
20160219,0.045,0.009,0.8,0.006,88,37,28660
20160220,0.033,0.024,0.5,0.005,51,16,28924
20160221,0.019,0.036,0.3,0.005,28,11,26092
20160222,0.042,0.011,0.5,0.005,47,17,27207
20160223,0.019,0.029,0.3,0.007,57,24,28681
20160224,0.029,0.021,0.4,0.007,35,16,28657
20160225,0.036,0.02,0.5,0.007,53,26,28590
20160226,0.033,0.024,0.5,0.008,49,25,28215
20160227,0.039,0.019,0.5,0.008,65,36,28504
20160228,0.044,0.011,0.5,0.008,53,26,24539
20160229,0.022,0.027,0.4,0.007,59,26,27103
20160301,0.023,0.027,0.3,0.007,31,16,26325
20160302,0.033,0.022,0.4,0.007,37,20,27923
20160303,0.045,0.016,0.5,0.008,52,26,28184
20160304,0.046,0.014,0.5,0.01,71,34,28268
20160305,0.032,0.009,0.4,0.011,21,14,26900
20160306,0.024,0.021,0.4,0.01,100,22,26008
20160307,0.052,0.004,0.6,0.009,119,30,27925
20160308,0.028,0.02,0.4,0.009,89,20,28054
20160309,0.023,0.026,0.3,0.005,35,15,27929
20160310,0.017,0.031,0.3,0.005,34,14,28050
20160311,0.023,0.029,0.4,0.005,33,16,28496
20160312,0.03,0.026,0.4,0.006,43,19,29105
20160313,0.033,0.029,0.5,0.006,59,34,25575
20160314,0.029,0.033,0.5,0.005,64,41,26624
20160315,0.051,0.017,0.5,0.006,64,27,27796
20160316,0.054,0.019,0.5,0.008,68,30,28118
20160317,0.073,0.006,0.7,0.008,79,37,28427
20160318,0.058,0.017,0.7,0.007,70,35,28731
20160319,0.042,0.023,0.6,0.006,80,39,29762
20160320,0.043,0.021,0.6,0.007,83,43,24972
20160321,0.052,0.021,0.7,0.007,86,45,26527
20160322,0.04,0.032,0.5,0.006,68,38,28131
20160323,0.032,0.031,0.5,0.006,81,48,27776
20160324,0.029,0.03,0.4,0.005,39,20,28027
20160325,0.046,0.03,0.5,0.006,72,33,1665
20160326,0.044,0.034,0.5,0.005,68,38,23666
20160327,0.033,0.052,0.5,0.006,69,40,26202
20160328,0.047,0.046,0.5,0.008,71,37,26396
20160329,0.032,0.064,0.5,0.008,97,50,28511
20160330,0.04,0.04,0.5,0.007,101,49,28250
20160331,0.058,0.02,0.5,0.007,51,19,28038
20160401,0.063,0.03,0.6,0.007,75,29,28690
20160402,0.051,0.046,0.6,0.008,82,37,29267
20160403,0.029,0.034,0.4,0.005,56,28,25905
20160404,0.033,0.023,0.3,0.005,28,12,26857
20160405,0.037,0.035,0.4,0.006,58,21,28701
20160406,0.049,0.033,0.5,0.007,72,29,28721
20160407,0.034,0.036,0.4,0.005,45,27,27974
20160408,0.034,0.03,0.4,0.005,88,41,28774
20160409,0.041,0.019,0.7,0.006,132,63,29639
20160410,0.03,0.04,0.7,0.006,154,75,26093
20160411,0.031,0.034,0.3,0.004,46,19,27652
20160412,0.038,0.028,0.4,0.005,58,27,27573
20160413,0.046,0.02,0.5,0.005,62,34,27104
20160414,0.044,0.016,0.5,0.005,61,32,27619
20160415,0.041,0.032,0.5,0.005,57,27,29618
20160416,0.044,0.027,0.4,0.006,54,24,28369
20160417,0.014,0.043,0.4,0.005,52,18,25700
20160418,0.023,0.039,0.4,0.005,69,24,27616
20160419,0.034,0.03,0.4,0.005,50,22,27951
20160420,0.048,0.021,0.5,0.006,67,31,27940
20160421,0.034,0.027,0.4,0.004,29,18,27443
20160422,0.028,0.039,0.5,0.005,86,48,28511
20160423,0.033,0.026,0.5,0.005,233,42,30433
20160424,0.034,0.03,0.4,0.005,182,28,26265
20160425,0.057,0.019,0.5,0.006,89,25,27127
20160426,0.045,0.034,0.5,0.006,84,29,27983
20160427,0.022,0.047,0.3,0.004,52,16,28775
20160428,0.035,0.039,0.3,0.005,63,22,28219
20160429,0.034,0.042,0.4,0.006,67,28,28547
20160430,0.026,0.063,0.5,0.008,90,37,29446
20160501,0.024,0.053,0.4,0.006,45,21,32220
20160502,0.037,0.027,0.4,0.005,44,26,32845
20160503,0.018,0.026,0.3,0.004,18,9,34323
20160504,0.019,0.043,0.3,0.004,53,13,38867
20160505,0.036,0.034,0.4,0.006,51,22,30695
20160506,0.032,0.024,0.4,0.004,48,21,30033
20160507,0.025,0.032,0.4,0.005,120,20,33553
20160508,0.029,0.039,0.4,0.005,49,17,31458
20160509,0.037,0.039,0.4,0.005,56,21,33963
20160510,0.024,0.038,0.3,0.004,28,14,32371
20160511,0.029,0.036,0.3,0.004,27,14,34161
20160512,0.031,0.037,0.4,0.006,25,16,35960
20160513,0.025,0.047,0.4,0.004,35,22,35121
20160514,0.032,0.04,0.4,0.006,30,19,35405
20160515,0.019,0.041,0.4,0.006,26,19,30883
20160516,0.02,0.045,0.4,0.006,32,19,33069
20160517,0.046,0.041,0.6,0.008,58,37,34253
20160518,0.055,0.025,0.6,0.007,54,36,33890
20160519,0.055,0.025,0.6,0.007,54,36,34735
20160520,0.073,0.054,0.5,0.007,83,67,34915
20160521,0.039,0.041,0.3,0.005,31,26,36591
20160522,0.033,0.054,0.4,0.006,47,43,31851
20160523,0.048,0.044,0.5,0.007,52,49,33724
20160524,0.019,0.05,0.3,0.005,30,23,32330
20160525,0.021,0.06,0.5,0.006,92,65,34086
20160526,0.036,0.045,0.6,0.007,113,77,35067
20160527,0.045,0.03,0.6,0.007,103,63,34983
20160528,0.041,0.038,0.5,0.007,83,44,36415
20160529,0.037,0.047,0.5,0.008,93,47,31032
20160530,0.032,0.057,0.5,0.007,98,59,32969
20160531,0.03,0.047,0.5,0.007,85,51,33400
20160601,0.029,0.034,0.3,0.005,42,24,21978
20160602,0.036,0.035,0.3,0.005,40,21,33118
20160603,0.034,0.044,0.4,0.006,47,26,31126
20160604,0.041,0.029,0.4,0.005,59,32,30403
20160605,0.031,0.043,0.4,0.005,53,33,29748
20160606,0.018,0.043,0.2,0.004,22,14,34494
20160607,0.029,0.032,0.4,0.005,45,29,34801
20160608,0.029,0.024,0.3,0.005,38,25,35370
20160609,0.037,0.027,0.4,0.005,53,31,35894
20160610,0.04,0.032,0.4,0.006,66,41,32640
20160611,0.021,0.021,0.3,0.005,48,31,33114
20160612,0.014,0.023,0.3,0.004,29,20,33624
20160613,0.029,0.028,0.5,0.005,67,39,34243
20160614,0.032,0.036,0.4,0.006,54,36,33752
20160615,0.023,0.025,0.3,0.004,35,25,35141
20160616,0.016,0.044,0.4,0.004,30,21,19909
20160617,0.022,0.053,0.5,0.005,53,39,31080
20160618,0.029,0.047,0.5,0.005,66,49,33442
20160619,0.027,0.031,0.4,0.005,42,31,28909
20160620,0.033,0.038,0.4,0.005,53,38,35271
20160621,0.043,0.043,0.5,0.005,63,47,33847
20160622,0.044,0.028,0.5,0.005,65,50,33515
20160623,0.031,0.032,0.4,0.005,51,39,34981
20160624,0.029,0.027,0.4,0.004,46,35,31548
20160625,0.02,0.039,0.3,0.005,35,19,32956
20160626,0.017,0.041,0.3,0.005,32,20,33464
20160627,0.036,0.03,0.4,0.006,36,23,33336
20160628,0.034,0.037,0.4,0.006,59,42,34049
20160629,0.029,0.036,0.4,0.005,38,28,31641
20160630,0.018,0.027,0.3,0.004,28,20,27988
20160701,0.023,0.015,0.3,0.004,17,13,21978
20160702,0.016,0.028,0.2,0.004,14,9,33118
20160703,0.016,0.04,0.3,0.004,39,30,31126
20160704,0.027,0.014,0.3,0.004,23,15,30403
20160705,0.018,0.009,0.3,0.004,13,9,29748
20160706,0.023,0.024,0.3,0.004,17,11,34494
20160707,0.037,0.025,0.5,0.005,46,32,34801
20160708,0.036,0.029,0.5,0.004,54,34,35370
20160709,0.028,0.026,0.4,0.005,40,24,35894
20160710,0.032,0.032,0.4,0.006,38,25,32640
20160711,0.042,0.037,0.5,0.006,58,40,33114
20160712,0.033,0.023,0.4,0.006,39,29,33624
20160713,0.028,0.01,0.3,0.005,33,20,34243
20160714,0.023,0.028,0.3,0.005,27,17,33752
20160715,0.025,0.02,0.3,0.004,20,11,35141
20160716,0.021,0.013,0.3,0.004,10,6,19909
20160717,0.013,0.02,0.3,0.005,14,10,31080
20160718,0.028,0.015,0.3,0.005,29,18,33442
20160719,0.034,0.03,0.4,0.004,40,24,28909
20160720,0.028,0.032,0.4,0.004,39,24,35271
20160721,0.026,0.031,0.4,0.004,32,22,33847
20160722,0.026,0.032,0.3,0.004,38,24,33515
20160723,0.025,0.025,0.3,0.004,41,30,34981
20160724,0.017,0.017,0.3,0.004,37,28,31548
20160725,0.02,0.021,0.3,0.005,42,32,32956
20160726,0.017,0.014,0.3,0.005,35,25,33464
20160727,0.017,0.014,0.3,0.005,47,24,33336
20160728,0.022,0.035,0.4,0.004,65,42,34049
20160729,0.033,0.016,0.5,0.004,55,29,31641
20160730,0.022,0.026,0.3,0.004,61,30,27988
20160731,0.02,0.014,0.3,0.004,49,28,30973
20160801,0.028,0.012,0.3,0.004,25,24,13347
20160802,0.031,0.008,0.4,0.004,30,19,32892
20160803,0.033,0.023,0.4,0.004,33,21,34268
20160804,0.031,0.024,0.4,0.004,36,23,33418
20160805,0.035,0.036,0.4,0.004,41,27,33491
20160806,0.032,0.051,0.5,0.004,66,44,34008
20160807,0.023,0.037,0.4,0.005,42,29,30610
20160808,0.031,0.026,0.4,0.004,41,29,32961
20160809,0.031,0.029,0.4,0.004,34,23,33873
20160810,0.03,0.039,0.4,0.005,59,43,34242
20160811,0.029,0.024,0.4,0.004,37,23,34933
20160812,0.028,0.022,0.4,0.004,48,33,35047
20160813,0.018,0.019,0.3,0.004,39,29,34247
20160814,0.015,0.018,0.3,0.004,43,30,30388
20160815,0.02,0.029,0.4,0.004,43,26,29426
20160816,0.031,0.035,0.5,0.005,55,32,32615
20160817,0.034,0.028,0.4,0.004,51,29,34551
20160818,0.041,0.043,0.5,0.004,60,38,35026
20160819,0.038,0.038,0.5,0.004,64,45,33719
20160820,0.024,0.034,0.3,0.004,34,20,35295
20160821,0.022,0.038,0.3,0.004,30,19,32023
20160822,0.029,0.033,0.4,0.004,32,20,33772
20160823,0.029,0.033,0.4,0.004,40,27,35422
20160824,0.033,0.027,0.4,0.004,34,22,35403
20160825,0.032,0.023,0.4,0.004,35,22,35377
20160826,0.019,0.023,0.2,0.004,14,7,36665
20160827,0.017,0.025,0.2,0.004,15,6,36815
20160828,0.012,0.02,0.2,0.003,13,5,32225
20160829,0.02,0.017,0.3,0.003,18,8,33358
20160830,0.018,0.02,0.3,0.004,32,10,34492
20160831,0.02,0.015,0.3,0.004,21,8,31959
20160901,0.03,0.041,0.5,0.005,73,39,34955
20160902,0.027,0.033,0.4,0.004,37,26,37587
20160903,0.028,0.027,0.4,0.004,27,13,36401
20160904,0.024,0.019,0.4,0.003,23,12,32233
20160905,0.03,0.022,0.4,0.004,34,19,34548
20160906,0.03,0.029,0.4,0.005,64,39,34607
20160907,0.034,0.026,0.5,0.005,89,61,34290
20160908,0.041,0.017,0.5,0.005,63,34,34396
20160909,0.034,0.023,0.4,0.004,47,29,35450
20160910,0.032,0.029,0.4,0.004,47,30,36146
20160911,0.022,0.037,0.4,0.004,47,31,31468
20160912,0.029,0.015,0.4,0.004,32,18,34811
20160913,0.027,0.019,0.3,0.003,19,10,36105
20160914,0.025,0.029,0.4,0.004,36,23,28358
20160915,0.024,0.025,0.4,0.004,47,30,28908
20160916,0.022,0.034,0.4,0.006,61,41,25927
20160917,0.014,0.033,0.3,0.004,30,20,29624
20160918,0.011,0.032,0.2,0.003,25,14,28698
20160919,0.015,0.024,0.2,0.003,15,5,33069
20160920,0.019,0.024,0.2,0.003,20,10,34331
20160921,0.025,0.022,0.3,0.003,36,22,35924
20160922,0.029,0.024,0.3,0.003,44,29,35277
20160923,0.038,0.027,0.4,0.004,56,35,35215
20160924,0.039,0.035,0.4,0.004,65,42,36581
20160925,0.038,0.028,0.4,0.004,61,40,32848
20160926,0.042,0.014,0.4,0.004,54,34,34150
20160927,0.041,0.004,0.5,0.004,40,26,32113
20160928,0.035,0.007,0.4,0.004,39,23,34356
20160929,0.019,0.012,0.3,0.004,13,6,36100
20160930,0.034,0.009,0.4,0.004,35,16,36071
20161001,0.036,0.009,0.4,0.004,48,26,35310
20161002,0.026,0.008,0.4,0.004,30,16,29700
20161003,0.02,0.019,0.3,0.004,17,9,30044
20161004,0.029,0.014,0.3,0.004,34,15,33014
20161005,0.023,0.021,0.3,0.003,29,13,34130
20161006,0.028,0.02,0.4,0.004,44,19,33256
20161007,0.027,0.014,0.4,0.004,29,13,33029
20161008,0.018,0.026,0.3,0.004,23,11,32052
20161009,0.013,0.026,0.3,0.004,19,10,30797
20161010,0.031,0.017,0.3,0.004,29,12,31794
20161011,0.043,0.012,0.5,0.004,48,23,33098
20161012,0.029,0.023,0.5,0.004,60,29,32656
20161013,0.041,0.012,0.5,0.004,45,21,32946
20161014,0.054,0.009,0.7,0.005,81,45,35079
20161015,0.045,0.015,0.6,0.004,82,50,37036
20161016,0.034,0.011,0.5,0.004,56,37,31810
20161017,0.035,0.014,0.5,0.004,55,34,33815
20161018,0.039,0.013,0.5,0.004,60,30,35332
20161019,0.047,0.017,0.6,0.004,67,35,36035
20161020,0.043,0.018,0.6,0.004,70,39,35794
20161021,0.024,0.018,0.3,0.004,25,12,36164
20161022,0.027,0.018,0.3,0.004,32,16,36271
20161023,0.017,0.019,0.3,0.003,12,6,32191
20161024,0.025,0.015,0.3,0.003,17,8,34723
20161025,0.031,0.009,0.4,0.003,18,10,34728
20161026,0.037,0.004,0.7,0.004,47,22,35776
20161027,0.035,0.005,0.5,0.004,49,23,36567
20161028,0.028,0.015,0.4,0.004,42,18,35824
20161029,0.022,0.02,0.3,0.004,39,17,36763
20161030,0.031,0.014,0.3,0.004,28,11,33056
20161031,0.038,0.007,0.5,0.004,33,15,33509
20161101,0.021,0.02,0.3,0.003,25,10,35007
20161102,0.041,0.008,0.4,0.004,39,16,34897
20161103,0.044,0.009,0.6,0.005,43,23,35287
20161104,0.037,0.023,0.5,0.005,66,34,36249
20161105,0.029,0.037,0.5,0.005,78,44,36787
20161106,0.026,0.016,0.4,0.004,34,19,33086
20161107,0.028,0.016,0.4,0.004,39,24,34030
20161108,0.021,0.021,0.4,0.004,72,53,35068
20161109,0.035,0.013,0.4,0.004,45,28,35444
20161110,0.045,0.003,0.5,0.004,43,24,34417
20161111,0.035,0.013,0.5,0.004,54,20,36217
20161112,0.04,0.015,0.6,0.005,83,31,36860
20161113,0.042,0.011,0.6,0.005,68,29,32733
20161114,0.046,0.005,0.6,0.004,57,29,33915
20161115,0.026,0.017,0.4,0.005,67,20,35907
20161116,0.048,0.004,0.6,0.005,61,27,36310
20161117,0.054,0.005,0.8,0.006,89,46,36646
20161118,0.053,0.003,0.8,0.005,106,64,36783
20161119,0.041,0.008,0.6,0.005,65,41,37135
20161120,0.027,0.016,0.6,0.005,48,28,34418
20161121,0.046,0.005,0.6,0.005,71,34,34893
20161122,0.024,0.016,0.4,0.005,49,21,36413
20161123,0.027,0.013,0.4,0.005,45,17,36931
20161124,0.024,0.018,0.4,0.005,30,14,36632
20161125,0.042,0.007,0.6,0.005,46,22,37922
20161126,0.043,0.002,0.7,0.005,65,40,37336
20161127,0.037,0.004,0.7,0.006,75,51,33748
20161128,0.027,0.013,0.6,0.007,96,45,35754
20161129,0.04,0.007,0.6,0.007,41,22,36262
20161130,0.043,0.003,0.6,0.008,47,26,36046
20161201,0.023,0.018,0.4,0.007,57,28,36450
20161202,0.035,0.011,0.5,0.007,41,18,37211
20161203,0.047,0.005,0.7,0.008,60,33,37216
20161204,0.053,0.003,0.9,0.008,89,56,32945
20161205,0.034,0.011,0.7,0.008,97,63,35505
20161206,0.026,0.013,0.4,0.007,30,14,36235
20161207,0.045,0.004,0.6,0.007,58,31,36572
20161208,0.045,0.003,0.8,0.008,60,37,36283
20161209,0.029,0.011,0.5,0.007,36,24,35321
20161210,0.031,0.013,0.5,0.005,36,22,37092
20161211,0.035,0.01,0.5,0.005,34,22,32931
20161212,0.045,0.003,0.7,0.005,49,28,35512
20161213,0.045,0.005,0.8,0.006,64,37,36140
20161214,0.031,0.005,0.6,0.005,59,31,37086
20161215,0.022,0.014,0.4,0.004,36,17,36598
20161216,0.03,0.011,0.4,0.005,34,16,37322
20161217,0.047,0.003,0.7,0.005,61,34,38235
20161218,0.042,0.004,0.7,0.005,52,35,33700
20161219,0.039,0.003,0.5,0.004,41,25,35141
20161220,0.045,0.004,0.8,0.005,54,35,36962
20161221,0.034,0.004,0.5,0.005,39,24,36480
20161222,0.026,0.008,0.6,0.004,31,22,33989
20161223,0.018,0.015,0.5,0.005,56,37,36232
20161224,0.028,0.008,0.6,0.005,71,53,35922
20161225,0.031,0.004,0.6,0.004,55,40,30820
20161226,0.039,0.003,0.7,0.004,45,29,34812
20161227,0.02,0.016,0.5,0.005,45,27,36350
20161228,0.036,0.007,0.5,0.005,46,24,36132
20161229,0.026,0.011,0.4,0.004,39,15,35711
20161230,0.041,0.005,0.7,0.005,47,24,36863
20161231,0.044,0.003,0.8,0.005,61,39,34661
20170101,0.04,0.002,0.8,0.005,80,58,29279
20170102,0.036,0.015,0.8,0.006,118,79,32998
20170103,0.036,0.014,0.6,0.006,84,50,35326
20170104,0.05,0.007,0.7,0.006,58,34,35635
20170105,0.038,0.008,0.5,0.005,39,21,35810
20170106,0.038,0.009,0.4,0.005,24,13,36792
20170107,0.047,0.004,0.6,0.005,56,34,37025
20170108,0.032,0.012,0.5,0.005,32,18,31359
20170109,0.021,0.025,0.6,0.006,65,46,35347
20170110,0.021,0.02,0.4,0.005,32,14,35200
20170111,0.029,0.014,0.4,0.004,25,11,35527
20170112,0.028,0.015,0.4,0.004,30,15,36043
20170113,0.021,0.019,0.4,0.004,32,12,35195
20170114,0.013,0.022,0.3,0.004,48,10,37200
20170115,0.024,0.014,0.4,0.004,30,13,31322
20170116,0.041,0.006,0.6,0.005,52,25,34507
20170117,0.056,0.003,0.8,0.006,72,41,36501
20170118,0.051,0.005,0.9,0.006,105,71,35222
20170119,0.053,0.005,0.9,0.006,117,73,36380
20170120,0.031,0.015,0.5,0.005,62,38,33136
20170121,0.041,0.007,0.6,0.004,53,34,34260
20170122,0.013,0.026,0.4,0.005,83,25,28043
20170123,0.026,0.018,0.5,0.005,50,35,34430
20170124,0.038,0.012,0.6,0.005,42,28,34900
20170125,0.05,0.007,0.7,0.005,52,34,34664
20170126,0.051,0.01,0.8,0.005,69,48,35293
20170127,0.014,0.025,0.3,0.004,125,18,28059
20170128,0.032,0.01,0.4,0.004,35,12,29690
20170129,0.036,0.004,0.5,0.004,30,15,26001
20170130,0.017,0.024,0.5,0.005,53,33,27450
20170131,0.038,0.008,0.5,0.004,33,19,33358
20170201,0.032,0.016,0.5,0.005,40,21,34847
20170202,0.033,0.015,0.5,0.004,34,16,35147
20170203,0.044,0.018,0.7,0.006,74,44,36373
20170204,0.06,0.003,0.9,0.005,109,73,35024
20170205,0.035,0.014,0.7,0.005,79,55,29560
20170206,0.022,0.025,0.4,0.005,45,27,35003
20170207,0.045,0.006,0.6,0.005,45,24,35708
20170208,0.047,0.007,0.7,0.006,62,30,35374
20170209,0.019,0.023,0.4,0.005,57,17,35905
20170210,0.018,0.024,0.4,0.004,36,16,36113
20170211,0.02,0.022,0.4,0.004,32,15,36495
20170212,0.029,0.019,0.5,0.005,33,17,30981
20170213,0.051,0.006,0.7,0.005,50,31,34627
20170214,0.041,0.015,0.6,0.005,57,32,35822
20170215,0.062,0.005,0.8,0.007,67,42,35578
20170216,0.053,0.012,0.8,0.006,90,56,35823
20170217,0.021,0.025,0.4,0.005,70,18,36897
20170218,0.025,0.024,0.4,0.005,35,19,36864
20170219,0.034,0.017,0.5,0.005,46,28,31580
20170220,0.018,0.028,0.4,0.004,50,25,35367
20170221,0.045,0.011,0.6,0.005,51,28,35736
20170222,0.044,0.005,0.6,0.004,41,28,33213
20170223,0.018,0.03,0.4,0.005,39,23,35769
20170224,0.027,0.024,0.4,0.005,30,19,37615
20170225,0.034,0.021,0.6,0.006,50,32,37089
20170226,0.032,0.019,0.6,0.005,52,39,32049
20170227,0.051,0.007,0.6,0.005,44,27,35314
20170228,0.049,0.015,0.6,0.007,48,30,36637
20170301,0.045,0.018,0.5,0.006,61,42,32372
20170302,0.022,0.024,0.4,0.004,34,21,34511
20170303,0.036,0.019,0.4,0.006,46,24,36379
20170304,0.049,0.011,0.6,0.006,57,38,35696
20170305,0.042,0.018,0.6,0.005,72,54,30605
20170306,0.016,0.029,0.3,0.005,37,27,35408
20170307,0.018,0.029,0.3,0.004,36,24,35551
20170308,0.024,0.025,0.4,0.005,49,23,35888
20170309,0.029,0.023,0.4,0.005,52,24,36045
20170310,0.04,0.019,0.4,0.005,49,29,36494
20170311,0.062,0.012,0.6,0.007,71,47,36010
20170312,0.053,0.021,0.7,0.007,96,76,31197
20170313,0.027,0.027,0.4,0.005,66,49,34959
20170314,0.029,0.025,0.4,0.005,57,35,36053
20170315,0.038,0.019,0.4,0.005,44,29,35803
20170316,0.059,0.013,0.5,0.006,69,52,36138
20170317,0.056,0.019,0.5,0.006,77,59,37052
20170318,0.057,0.023,0.6,0.007,69,52,37380
20170319,0.047,0.023,0.5,0.006,75,61,31475
20170320,0.066,0.007,0.6,0.006,99,78,34676
20170321,0.042,0.015,0.6,0.008,125,107,34929
20170322,0.042,0.015,0.6,0.008,125,36,34607
20170323,0.039,0.032,0.6,0.005,125,45,33178
20170324,0.045,0.015,0.6,0.005,125,38,35058
20170325,0.043,0.02,0.6,0.006,125,47,35176
20170326,0.03,0.029,0.6,0.006,125,46,35204
20170327,0.028,0.031,0.5,0.005,71,57,35152
20170328,0.045,0.015,0.6,0.006,87,61,35128
20170329,0.033,0.03,0.4,0.005,59,41,35327
20170330,0.05,0.019,0.5,0.005,72,47,35323
20170331,0.041,0.015,0.4,0.005,53,34,35313
20170401,0.024,0.026,0.3,0.004,22,14,38112
20170402,0.027,0.031,0.3,0.005,48,31,32382
20170403,0.042,0.032,0.5,0.006,77,48,35849
20170404,0.056,0.025,0.5,0.007,74,38,37232
20170405,0.055,0.014,0.4,0.007,47,23,34632
20170406,0.029,0.02,0.3,0.004,27,18,37381
20170407,0.044,0.014,0.4,0.005,45,26,38628
20170408,0.043,0.017,0.5,0.006,63,37,39028
20170409,0.024,0.024,0.4,0.005,39,22,33297
20170410,0.026,0.029,0.2,0.004,25,14,36051
20170411,0.028,0.03,0.3,0.005,60,22,37432
20170412,0.019,0.032,0.2,0.004,71,12,37286
20170413,0.028,0.032,0.3,0.006,76,24,34484
20170414,0.024,0.038,0.3,0.005,62,21,36016
20170415,0.029,0.036,0.4,0.005,76,33,37049
20170416,0.041,0.026,0.5,0.006,73,34,36815
20170417,0.046,0.017,0.5,0.005,59,29,36913
20170418,0.031,0.019,0.3,0.004,49,24,2027
20170419,0.025,0.023,0.3,0.004,114,18,22652
20170420,0.038,0.022,0.3,0.005,108,22,33827
20170421,0.041,0.022,0.4,0.005,70,19,34379
20170422,0.033,0.026,0.4,0.005,56,25,36420
20170423,0.022,0.042,0.3,0.005,46,25,36379
20170424,0.033,0.032,0.3,0.005,36,14,35727
20170425,0.032,0.034,0.4,0.006,49,27,23483
20170426,0.019,0.033,0.3,0.005,43,15,22652
20170427,0.021,0.033,0.4,0.005,38,9,33827
20170428,0.025,0.033,0.4,0.007,54,25,34379
20170429,0.027,0.032,0.4,0.007,57,26,36420
20170430,0.019,0.062,0.5,0.007,79,47,36420
20170501,0.029,0.047,0.5,0.006,81,49,30601
20170502,0.042,0.036,0.5,0.006,88,51,32147
20170503,0.039,0.045,0.4,0.005,64,29,29721
20170504,0.039,0.028,0.3,0.005,63,28,32822
20170505,0.019,0.03,0.2,0.005,54,21,29017
20170506,0.013,0.037,0.1,0.005,200,29,34172
20170507,0.016,0.038,0.2,0.005,93,17,26541
20170508,0.033,0.039,0.4,0.007,161,33,9175
20170509,0.036,0.02,0.4,0.006,123,29,30401
20170510,0.02,0.028,0.3,0.005,38,19,34364
20170511,0.033,0.027,0.4,0.006,68,29,35110
20170512,0.035,0.029,0.4,0.006,73,36,36820
20170513,0.019,0.036,0.3,0.005,50,25,37214
20170514,0.013,0.037,0.2,0.004,55,13,33294
20170515,0.02,0.028,0.2,0.004,47,10,34136
20170516,0.025,0.028,0.2,0.005,34,16,33271
20170517,0.037,0.025,0.4,0.005,42,16,34329
20170518,0.032,0.041,0.3,0.006,45,23,36051
20170519,0.032,0.038,0.3,0.006,49,24,36652
20170520,0.037,0.029,0.3,0.006,41,20,35362
20170521,0.019,0.036,0.3,0.005,31,17,31054
20170522,0.025,0.025,0.3,0.005,44,23,34304
20170523,0.029,0.014,0.3,0.006,34,19,34820
20170524,0.027,0.019,0.3,0.005,27,15,34634
20170525,0.024,0.031,0.3,0.005,42,12,35480
20170526,0.017,0.031,0.3,0.004,23,8,35472
20170527,0.026,0.033,0.4,0.005,38,10,36882
20170528,0.023,0.041,0.4,0.005,47,20,32910
20170529,0.023,0.046,0.4,0.007,74,38,33991
20170530,0.029,0.035,0.3,0.007,57,23,34790
20170531,0.034,0.024,0.3,0.006,41,15,34778
20170601,0.016,0.028,0.2,0.004,42,16,34414
20170602,0.016,0.032,0.2,0.004,31,9,35813
20170603,0.015,0.032,0.2,0.004,31,7,35341
20170604,0.02,0.033,0.2,0.005,36,8,30072
20170605,0.024,0.039,0.2,0.004,30,11,33711
20170606,0.018,0.03,0.2,0.004,21,9,30552
20170607,0.021,0.017,0.3,0.004,12,9,31757
20170608,0.019,0.045,0.5,0.005,48,31,34754
20170609,0.019,0.047,0.5,0.005,62,42,35981
20170610,0.019,0.036,0.3,0.004,54,31,35766
20170611,0.02,0.029,0.3,0.004,31,9,31271
20170612,0.019,0.037,0.3,0.004,30,13,34237
20170613,0.021,0.024,0.3,0.005,41,19,35259
20170614,0.02,0.032,0.3,0.005,48,20,35196
20170615,0.02,0.039,0.3,0.005,53,23,35457
20170616,0.026,0.046,0.4,0.006,73,36,36732
20170617,0.022,0.051,0.4,0.006,56,30,35690
20170618,0.025,0.037,0.4,0.006,46,24,30601
20170619,0.037,0.025,0.4,0.005,60,36,35116
20170620,0.04,0.033,0.4,0.005,55,26,36275
20170621,0.025,0.03,0.3,0.005,62,34,35668
20170622,0.018,0.031,0.3,0.004,45,28,35774
20170623,0.037,0.029,0.4,0.005,40,18,36933
20170624,0.042,0.017,0.4,0.006,40,16,36339
20170625,0.025,0.029,0.4,0.005,37,23,30321
20170626,0.024,0.024,0.4,0.004,29,17,33188
20170627,0.023,0.029,0.4,0.005,29,18,35749
20170628,0.024,0.032,0.4,0.005,50,30,35638
20170629,0.025,0.031,0.4,0.006,55,32,36313
20170630,0.025,0.029,0.5,0.005,60,39,35460
20170701,0.021,0.025,0.4,0.005,51,34,35605
20170702,0.013,0.013,0.2,0.004,24,16,29703
20170703,0.014,0.023,0.3,0.005,22,14,32841
20170704,0.021,0.027,0.4,0.005,38,22,34847
20170705,0.023,0.038,0.4,0.005,45,34,35157
20170706,0.033,0.032,0.5,0.005,58,42,34974
20170707,0.021,0.012,0.3,0.004,23,15,33807
20170708,0.013,0.019,0.3,0.004,26,16,35120
20170709,0.019,0.017,0.4,0.004,27,20,31024
20170710,0.02,0.011,0.3,0.004,11,11,30494
20170711,0.019,0.028,0.3,0.004,31,19,33822
20170712,0.021,0.034,0.4,0.005,53,35,34932
20170713,0.028,0.033,0.5,0.005,53,38,35156
20170714,0.026,0.029,0.4,0.005,47,33,35929
20170715,0.017,0.019,0.3,0.004,17,12,33558
20170716,0.015,0.016,0.3,0.005,14,10,30087
20170717,0.018,0.017,0.3,0.005,21,10,33956
20170718,0.025,0.023,0.4,0.005,27,16,34099
20170719,0.024,0.041,0.4,0.005,40,27,34571
20170720,0.027,0.035,0.5,0.006,60,42,34502
20170721,0.019,0.051,0.4,0.005,67,54,34892
20170722,0.017,0.035,0.4,0.005,61,45,34888
20170723,0.017,0.032,0.4,0.008,55,32,29211
20170724,0.033,0.018,0.5,0.006,35,21,32590
20170725,0.022,0.017,0.4,0.005,25,14,35565
20170726,0.017,0.028,0.3,0.004,14,8,36467
20170727,0.032,0.02,0.4,0.005,27,14,36134
20170728,0.031,0.007,0.5,0.004,32,17,34529
20170729,0.017,0.018,0.4,0.004,13,6,35082
20170730,0.014,0.032,0.3,0.004,20,14,29416
20170731,0.029,0.009,0.4,0.004,23,14,33325
20170801,0.027,0.018,0.4,0.005,19,8,34973
20170802,0.034,0.031,0.5,0.005,37,21,36500
20170803,0.022,0.027,0.3,0.005,25,6,37397
20170804,0.021,0.036,0.3,0.005,26,15,37617
20170805,0.026,0.033,0.4,0.005,33,21,34461
20170806,0.02,0.024,0.4,0.005,26,18,30040
20170807,0.018,0.038,0.4,0.005,38,20,32480
20170808,0.021,0.046,0.4,0.005,46,25,32147
20170809,0.024,0.024,0.4,0.005,42,24,33190
20170810,0.018,0.017,0.3,0.004,9,7,33725
20170811,0.019,0.016,0.3,0.004,10,7,32881
20170812,0.016,0.015,0.2,0.004,8,7,35617
20170813,0.012,0.014,0.2,0.004,9,5,30669
20170814,0.015,0.007,0.3,0.004,10,5,35035
20170815,0.013,0.007,0.3,0.004,6,6,29924
20170816,0.015,0.008,0.3,0.004,9,7,33809
20170817,0.023,0.009,0.3,0.004,9,7,35026
20170818,0.035,0.015,0.4,0.005,29,20,37060
20170819,0.025,0.016,0.4,0.004,29,14,36841
20170820,0.017,0.014,0.3,0.004,12,7,30883
20170821,0.015,0.016,0.3,0.004,14,7,34281
20170822,0.02,0.022,0.3,0.005,17,9,36232
20170823,0.02,0.007,0.3,0.005,19,11,34778
20170824,0.015,0.015,0.3,0.005,20,7,35543
20170825,0.029,0.02,0.5,0.006,29,10,35299
20170826,0.023,0.026,0.4,0.006,29,14,37407
20170827,0.028,0.013,0.4,0.005,23,10,32337
20170828,0.036,0.01,0.4,0.005,33,15,35037
20170829,0.017,0.021,0.3,0.004,20,6,35594
20170830,0.029,0.013,0.4,0.005,25,8,35666
20170831,0.029,0.023,0.5,0.005,40,19,36630
20170901,0.021,0.022,0.3,0.004,25,14,36719
20170902,0.025,0.024,0.4,0.005,28,13,36871
20170903,0.023,0.03,0.4,0.005,34,18,34116
20170904,0.029,0.02,0.4,0.005,29,16,35070
20170905,0.034,0.007,0.4,0.004,27,12,35883
20170906,0.038,0.008,0.5,0.005,31,16,35238
20170907,0.027,0.027,0.5,0.005,46,25,36233
20170908,0.034,0.022,0.6,0.006,58,32,37192
20170909,0.035,0.026,0.6,0.006,70,37,37704
20170910,0.03,0.017,0.6,0.005,62,33,32253
20170911,0.022,0.022,0.4,0.005,34,24,34052
20170912,0.025,0.019,0.4,0.005,25,12,36180
20170913,0.031,0.017,0.4,0.005,23,11,35367
20170914,0.031,0.017,0.4,0.005,26,10,36450
20170915,0.019,0.02,0.3,0.004,15,10,37341
20170916,0.016,0.018,0.3,0.004,9,4,38319
20170917,0.012,0.02,0.2,0.004,8,4,33567
20170918,0.022,0.023,0.3,0.005,17,9,35344
20170919,0.021,0.04,0.5,0.005,55,41,36261
20170920,0.019,0.025,0.3,0.005,23,10,36730
20170921,0.037,0.02,0.4,0.005,26,15,36879
20170922,0.03,0.031,0.4,0.005,26,18,0
20170923,0.027,0.028,0.4,0.006,52,31,33771
20170924,0.022,0.03,0.5,0.005,55,37,32904
20170925,0.035,0.02,0.5,0.005,38,25,36660
20170926,0.037,0.022,0.4,0.005,37,21,36156
20170927,0.034,0.016,0.4,0.005,32,20,37289
20170928,0.019,0.022,0.3,0.005,20,8,37566
20170929,0.023,0.023,0.3,0.005,20,8,37655
20170930,0.03,0.023,0.4,0.006,31,17,37263
20171001,0.026,0.014,0.4,0.005,35,24,30251
20171002,0.017,0.024,0.3,0.005,16,9,31594
20171003,0.014,0.022,0.3,0.005,33,11,27270
20171004,0.012,0.023,0.3,0.004,19,8,28619
20171005,0.013,0.021,0.3,0.004,13,6,26519
20171006,0.013,0.02,0.3,0.004,10,5,28266
20171007,0.02,0.018,0.3,0.004,7,5,31065
20171008,0.022,0.02,0.4,0.005,16,12,29864
20171009,0.025,0.023,0.4,0.007,26,20,30583
20171010,0.03,0.01,0.4,0.005,30,22,35213
20171011,0.015,0.015,0.3,0.004,11,7,34584
20171012,0.025,0.009,0.4,0.004,19,11,36045
20171013,0.026,0.015,0.4,0.004,25,15,37765
20171014,0.025,0.019,0.4,0.004,21,12,37797
20171015,0.024,0.019,0.4,0.004,19,10,32657
20171016,0.028,0.015,0.4,0.005,26,14,36137
20171017,0.036,0.014,0.4,0.005,33,19,36917
20171018,0.027,0.014,0.3,0.004,20,12,36511
20171019,0.029,0.014,0.4,0.004,16,9,36874
20171020,0.036,0.011,0.4,0.005,26,15,37903
20171021,0.036,0.012,0.4,0.005,31,20,37576
20171022,0.017,0.022,0.3,0.004,19,11,33888
20171023,0.025,0.021,0.3,0.004,21,9,35131
20171024,0.033,0.013,0.3,0.004,28,14,37192
20171025,0.04,0.013,0.5,0.005,38,23,36911
20171026,0.048,0.007,0.6,0.005,48,31,37346
20171027,0.048,0.012,0.6,0.005,59,39,38192
20171028,0.039,0.016,0.5,0.005,39,24,36993
20171029,0.023,0.02,0.5,0.005,60,24,33111
20171030,0.024,0.018,0.3,0.004,32,13,35155
20171031,0.038,0.01,0.5,0.005,34,17,36152
20171101,0.029,0.019,0.4,0.005,44,27,37214
20171102,0.03,0.021,0.4,0.005,58,39,36081
20171103,0.02,0.024,0.4,0.005,49,36,30930
20171104,0.021,0.02,0.4,0.004,46,37,35745
20171105,0.032,0.012,0.5,0.004,41,29,36952
20171106,0.04,0.008,0.5,0.005,35,23,36979
20171107,0.048,0.004,0.5,0.005,45,32,36238
20171108,0.021,0.026,0.4,0.005,66,36,38272
20171109,0.042,0.008,0.5,0.005,44,24,36367
20171110,0.032,0.011,0.4,0.005,41,22,29126
20171111,0.019,0.015,0.3,0.004,62,11,35435
20171112,0.034,0.007,0.5,0.004,31,19,36404
20171113,0.04,0.004,0.5,0.005,42,29,36286
20171114,0.025,0.013,0.5,0.006,43,18,37148
20171115,0.021,0.016,0.3,0.005,22,11,34104
20171116,0.031,0.01,0.4,0.005,22,14,36265
20171117,0.047,0.003,0.6,0.006,39,26,33467
20171118,0.016,0.017,0.4,0.005,35,22,30489
20171119,0.02,0.015,0.4,0.005,22,12,35193
20171120,0.039,0.008,0.6,0.006,34,21,35414
20171121,0.048,0.004,0.7,0.006,48,34,35074
20171122,0.04,0.008,0.6,0.006,60,33,36996
20171123,0.025,0.012,0.4,0.005,20,10,36489
20171124,0.029,0.008,0.4,0.005,19,12,31068
20171125,0.043,0.005,0.6,0.005,26,17,29573
20171126,0.033,0.009,0.6,0.005,48,27,35990
20171127,0.048,0.004,0.7,0.006,53,39,36540
20171128,0.054,0.003,0.8,0.007,60,46,36775
20171129,0.035,0.008,0.6,0.005,57,30,37272
20171130,0.024,0.016,0.4,0.005,21,10,34757
20171201,0.034,0.01,0.5,0.005,20,14,29771
20171202,0.042,0.005,0.6,0.006,36,27,36000
20171203,0.04,0.003,0.6,0.005,46,40,36726
20171204,0.023,0.013,0.5,0.005,38,29,36541
20171205,0.024,0.013,0.4,0.005,17,11,36478
20171206,0.037,0.005,0.5,0.005,30,25,32477
20171207,0.036,0.007,0.6,0.005,43,36,35259
20171208,0.026,0.011,0.5,0.006,25,21,35615
20171209,0.047,0.003,0.6,0.006,32,28,37084
20171210,0.031,0.008,0.6,0.005,35,29,37160
20171211,0.015,0.012,0.4,0.005,35,10,36727
20171212,0.022,0.011,0.4,0.005,25,17,37221
20171213,0.031,0.008,0.5,0.005,29,21,32353
20171214,0.047,0.003,0.7,0.005,43,39,35658
20171215,0.058,0.002,1,0.006,60,55,37672
20171216,0.022,0.01,0.7,0.006,51,48,37899
20171217,0.02,0.015,0.4,0.005,29,13,38020
20171218,0.046,0.002,0.7,0.005,48,37,34194
20171219,0.025,0.01,0.5,0.005,37,20,35509
20171220,0.044,0.003,0.7,0.005,36,29,33030
20171221,0.049,0.003,0.8,0.006,48,44,35961
20171222,0.055,0.003,0.8,0.007,53,48,37222
20171223,0.047,0.008,0.8,0.008,91,76,36843
20171224,0.039,0.009,0.8,0.006,72,63,38251
20171225,0.021,0.016,0.4,0.006,24,16,36433
20171226,0.03,0.01,0.5,0.006,23,15,36017
20171227,0.026,0.011,0.4,0.005,21,15,32690
20171228,0.045,0.004,0.7,0.005,37,31,36255
20171229,0.057,0.004,0.8,0.007,78,67,36650
20171230,0.053,0.003,0.9,0.006,111,96,37002
20171231,0.02,0.016,0.6,0.006,54,38,38009
